model_id,donor_atom_id,donor_atom_name,donor_chain_id,donor_res_name,donor_res_seq,donor_ins_code,donor_x,donor_y,donor_z,donor_h_atom_id,donor_h_atom_name,donor_h_generated,hydrogen_x,hydrogen_y,hydrogen_z,acceptor_atom_id,acceptor_atom_name,acceptor_chain_id,acceptor_res_name,acceptor_res_seq,acceptor_ins_code,acceptor_x,acceptor_y,acceptor_z,donor_acceptor_distance,hydrogen_acceptor_distance,dha_angle,donor_type,acceptor_type,a_value,b_value,c_value,hbond_score,normalized_score,env_h_sasa_fraction,env_h_solvent_reach_fraction,env_h_packing_count_6p5,env_h_electrostatic,env_h_hydrophobic,env_mid_sasa_fraction,env_mid_electrostatic,env_mid_hydrophobic
1,39,N,A,VAL,12,,9.662,58.771,8.194,generated:model:1:chain:A:12:_:H,H,True,10.582,59.181,7.578,64,O,A,GLN,15,,11.523,58.111,6.118,2.8650823722887973,2.040093380215719,123.41316121140687,40,39,-300.79398773552566,1.1293840721663106,-4552.096923983743,-3.6003095533811553,0.5385134089096452,0.0,0.0,43,0.05301942660952667,6.270059625614655,0.0,0.07067343165823566,6.7781290102620755
1,61,N,A,GLN,15,,13.361,60.062,6.86,generated:model:1:chain:A:15:_:H,H,True,13.578,59.962,8.014,42,O,A,VAL,12,,12.208,58.94,9.315,2.9351861951160774,2.1480188546658545,121.06611052921744,40,39,-290.7422960112126,1.1304093369837798,-4405.017633238429,-3.643958578927002,0.5450421768374484,0.0,0.0,38,0.06218900752071671,4.492763796048054,0.0,0.08081308152050676,5.260808976091729
1,77,N,A,PHE,17,,10.524,54.856,5.057,generated:model:1:chain:A:17:_:H,H,True,9.668,55.552,4.649,25,O,A,GLU,10,,8.08,56.382,4.814,2.891515346665133,1.7994079581906919,152.04887784216658,40,39,-431.91537038304114,1.1254085608115139,-6502.955920358476,-5.5515707572588155,0.8303717358100304,0.0,0.0,58,-0.09614660017288007,8.699278364851644,0.0,-0.09471788720238555,8.189234719570223
1,88,N,A,ASP,18,,9.509,52.52,3.823,generated:model:1:chain:A:18:_:H,H,True,10.595,52.287,3.416,765,OH,A,TYR,100,,12.302,51.315,3.982,3.0460064018317508,2.0442575669420915,139.90609350373958,40,19,-490.34828099293054,1.245767109299557,-6627.712685725062,-2.7306013245370586,0.5989876201660934,0.0,0.0,52,-0.1782112481073659,6.977583550290411,0.0,-0.1287883116300625,6.801191915738603
1,137,N,A,THR,24,,0.849,50.534,9.079,generated:model:1:chain:A:24:_:H,H,True,0.561,49.995,10.087,259,O,A,TYR,41,,-0.255,48.235,10.799,3.0761367004735005,2.0664946164943165,141.3096236367797,40,39,-385.3724042810891,1.1255626197290434,-5790.923981715412,-5.248700773648414,0.7850702013413416,0.0,0.0,63,-0.08120262969494885,5.057770700135197,0.0,-0.03898431050080211,5.440170447487467
1,160,N,A,SER,27,,5.911,54.637,14.246,generated:model:1:chain:A:27:_:H,H,True,6.594,53.734,13.912,248,O,A,SER,39,,5.513,51.672,14.196,2.9920108622797508,2.345434074963528,111.81372832210957,40,39,-257.8909440710968,1.1360512404990883,-3903.4800454248725,-3.173678233050608,0.4747003719325708,0.0,0.0,50,-0.00795193423924411,5.863982062627615,0.0,0.01905440171603757,5.173528586735362
1,178,N,A,ILE,29,,11.173,53.798,17.219,generated:model:1:chain:A:29:_:H,H,True,12.069,53.885,16.454,235,O,A,VAL,37,,12.229,52.443,15.048,2.7684656400251773,2.0203465049342406,117.2679042031266,40,39,-275.752120518272,1.1323997817859217,-4182.273207756727,-2.7058466042734324,0.4047248319204765,0.0,0.0,51,-0.008658526545689138,8.954716738247596,0.0,-0.018660660774195904,8.803753146754303
1,245,N,A,SER,39,,7.678,50.934,15.289,generated:model:1:chain:A:39:_:H,H,True,7.795,51.739,16.144,163,O,A,SER,27,,8.156,53.676,15.905,2.8507023695924527,1.9847949516259904,126.6187028091204,40,39,-315.25356667451524,1.1282145181780285,-4762.332678420873,-3.770106165048775,0.5639106006829374,0.0,0.0,53,0.020021833624620854,6.144129116782073,0.0,0.03477627470668045,6.044752044576588
1,251,N,A,ALA,40,,4.668,49.591,14.212,generated:model:1:chain:A:40:_:H,H,True,4.458,48.626,14.851,330,O,A,VAL,49,,5.699,47.155,15.484,2.9351390086331515,2.025983958475483,130.99730164300797,40,39,-335.9171585139602,1.1270040641334287,-5062.431114799743,-4.374546855360779,0.6543193313205379,0.0,0.0,62,0.04280705989235423,6.1636324592406275,0.0,0.03498825325096447,7.496560060900544
1,256,N,A,TYR,41,,1.287,49.508,12.939,generated:model:1:chain:A:41:_:H,H,True,1.047,50.655,13.035,140,O,A,THR,24,,1.313,51.727,11.478,2.6569076009526515,1.9089759034623752,116.92228601308364,40,39,-274.48048303108317,1.1326024515909938,-4163.06942635047,-1.7055230330927849,0.2551022374346042,0.0,0.0,64,0.02483567432054302,4.595497981979762,0.0,-0.00028165883102292534,5.269934906702928
1,276,N,A,ASN,43,,-2.227,45.925,9.734,generated:model:1:chain:A:43:_:H,H,True,-1.756,46.969,9.45,117,O,A,ARG,22,,-0.571,47.004,7.724,2.818985101060309,2.0939259776792483,116.04398171548088,40,39,-271.32669906421506,1.1331343719271887,-4115.141182838452,-2.922950685366372,0.43719800042560075,0.0,0.0,64,-0.06194802423180856,4.785016680316566,0.0,-0.0691731762590117,4.79544326085245
1,292,N,A,ASN,45,,-3.079,41.445,10.864,generated:model:1:chain:A:45:_:H,H,True,-1.967,41.632,10.517,274,OD1,A,ASP,42,,-0.532,43.276,9.529,3.409104721184143,2.395434198637069,142.62895864634103,40,19,-504.99477700956004,1.2443454299266488,-6812.347694429885,-2.920816912700161,0.6407135145500445,0.0,0.0,48,0.001773459145132602,3.956201726654816,0.0,-0.01737679768608225,3.758815882339509
1,300,N,A,LYS,46,,-3.974,42.953,12.944,generated:model:1:chain:A:46:_:H,H,True,-3.33,43.257,12.008,271,O,A,ASP,42,,-2.591,44.933,11.721,2.707178974504639,1.854040452633115,125.10690882229663,40,39,-308.3435075305497,1.1287342701445124,-4661.977392235691,-2.67684482373717,0.4003869138971874,0.0,0.0,56,0.018345978540963374,5.351018889597343,0.0,0.008563874913083296,5.1796708630270665
1,334,N,A,ALA,50,,6.971,45.302,15.614,generated:model:1:chain:A:50:_:H,H,True,7.145,44.373,16.323,784,O,A,GLN,103,,7.219,42.497,15.468,2.8197242773008853,2.0629777022546785,118.13768269113874,40,39,-279.02529596993554,1.1319060584570888,-4231.429763472581,-3.0501614491742473,0.4562254482193172,0.0,0.0,51,-0.017582923335997324,7.125434455328918,0.0,-0.027735901476807056,6.817712654268287
1,347,N,A,LYS,52,,12.264,46.553,11.856,generated:model:1:chain:A:52:_:H,H,True,12.041,45.418,11.648,769,O,A,ILE,101,,11.34,43.795,11.136,2.9964545716563062,1.840563500670377,166.6787138073638,40,39,-476.31988045302796,1.1256684046297833,-7214.384793884452,-6.364427986081569,0.9519542027507132,0.0,0.0,64,0.021384706054209168,8.576969135571947,0.0,0.01579992914736416,8.460603696774278
1,356,N,A,LYS,53,,14.538,48.41,9.952,generated:model:1:chain:A:53:_:H,H,True,15.238,48.886,10.776,227,O,A,MET,36,,15.06,50.673,11.892,3.0260953388814475,2.1143578221294512,131.21051314357595,40,39,-336.94027903548795,1.1269555304972112,-5077.320313193664,-4.517758964683545,0.6757401675139469,0.0,0.0,57,-0.03196800035108026,6.9232339328216455,0.0,-0.013975981305438867,6.425491717564872
1,373,N,A,SER,55,,19.983,48.133,6.102,generated:model:1:chain:A:55:_:H,H,True,20.694,48.584,6.933,211,O,A,TYR,34,,20.623,49.872,8.636,3.139247839849537,2.136397434935735,140.33749006004615,40,39,-380.8049992376473,1.1256304162280997,-5722.660428589606,-5.1397738411002045,0.7687775429188126,0.0,0.0,49,-0.051540980354806455,5.416985413132827,0.0,-0.03612812412366552,5.318524619755986
1,406,N,A,HIS,59,,28.386,46.879,2.702,generated:model:1:chain:A:59:_:H,H,True,27.479,47.146,3.413,382,O,A,PRO,56,,25.583,45.585,3.508,3.190749285042621,2.4577554801078163,118.12158174487669,40,39,-278.96378121664384,1.1319149881023562,-4230.509253014065,-3.5249870751827377,0.5272471097482136,0.0,0.0,55,0.010400743539192299,5.349454847034205,0.0,-0.0035516440294492066,6.58770366107998
1,444,N,A,CYS,63,,26.256,42.227,5.484,generated:model:1:chain:A:63:_:H,H,True,26.974,42.905,4.837,409,O,A,HIS,59,,28.202,44.166,3.601,3.3305143746874903,2.1507675374154203,177.28857016778238,40,39,-489.6716454355678,1.1249285945128142,-7411.347731322374,-6.124931257260585,0.9161316719522224,0.0,0.0,67,-0.003872622736902697,5.927867839740541,0.0,0.0021585926319070345,6.036355812011025
1,450,N,A,GLN,64,,26.798,39.512,5.738,generated:model:1:chain:A:64:_:H,H,True,27.527,40.417,5.554,419,O,A,GLN,60,,29.147,41.022,4.786,2.950288968897792,1.8921545919929452,147.12881542773096,40,39,-411.6548461082921,1.1253692911645046,-6188.99905298886,-5.495064641762648,0.8219198789824678,0.0,0.0,60,0.018735628449986427,4.9930601995465835,0.0,0.05329906790764041,4.974102244136036
1,459,N,A,ARG,65,,26.189,39.132,8.408,generated:model:1:chain:A:65:_:H,H,True,26.75,40.128,8.13,428,O,A,THR,61,,28.157,41.453,8.332,3.0439843954922012,1.9432133181923201,153.89466006709458,40,39,-438.9271050113275,1.125450537366837,-6613.23380322396,-5.961537819071346,0.8916922297075628,0.0,0.0,62,0.04181475099951736,3.5704528012112795,0.0,0.060121286165761366,4.03082437598464
1,470,N,A,THR,66,,23.483,39.895,8.386,generated:model:1:chain:A:66:_:H,H,True,24.178,40.834,8.25,435,O,A,TYR,62,,24.844,42.23,7.25,2.9317302058681953,1.841839298093073,151.83497443291196,40,39,-431.08049223236867,1.1254043847062765,-6489.882828373829,-5.688455261199886,0.850846125512156,0.0,0.0,57,0.017046895476038007,4.819158281727858,0.0,0.018486706746848252,5.812366211237991
1,477,N,A,LEU,67,,22.322,37.965,6.718,generated:model:1:chain:A:67:_:H,H,True,23.433,38.342,6.612,447,O,A,CYS,63,,24.625,39.114,5.302,2.9375271913635097,1.9320838491121444,140.4209606196175,40,39,-381.19868232234694,1.1256241307045785,-5728.534723919969,-5.0523702487768904,0.7557042208182799,0.0,0.0,56,-0.01522931048955327,5.52259101157128,0.0,0.008794626766097612,6.7781855698747835
1,485,N,A,ARG,68,,22.83,35.686,8.218,generated:model:1:chain:A:68:_:H,H,True,23.519,36.636,8.345,453,O,A,GLN,64,,25.515,37.068,7.805,3.047903869875165,2.1124014769924786,133.52100370078523,40,39,-348.0781734928505,1.1264862872876926,-5239.7606615596815,-4.698800423629542,0.7028192982846402,0.0,0.0,56,0.00025680628280567996,3.9497868132422544,0.0,0.028200226223410316,4.0830784554144115
1,496,N,A,GLU,69,,21.269,36.108,10.684,generated:model:1:chain:A:69:_:H,H,True,22.111,36.858,11.042,462,O,A,ARG,65,,23.156,38.625,10.219,3.1799816037203765,2.211705902691406,136.89934109395617,40,39,-364.3969696047725,1.1259721260081683,-5479.316291502728,-4.853210483344603,0.7259150589113921,0.0,0.0,59,-0.03103605410964051,4.490526592913567,0.0,-0.005750005123387225,3.0486252684150292
1,505,N,A,ILE,70,,18.707,36.128,9.513,generated:model:1:chain:A:70:_:H,H,True,19.467,36.967,9.186,473,O,A,THR,66,,20.473,38.157,7.992,3.090151776207761,1.9631026463229055,158.58064396282333,40,39,-455.04165185970214,1.1255777796433457,-6869.991756914347,-6.153818466479685,0.9204524530627951,0.0,0.0,53,-0.03345587323689854,5.74067993074725,0.0,-0.03263774537353782,5.509337425984883
1,513,N,A,LYS,71,,18.443,33.511,8.207,generated:model:1:chain:A:71:_:H,H,True,19.514,33.963,8.403,480,O,A,LEU,67,,20.915,34.862,7.362,2.9410899340210572,1.963334663270631,137.3655607802798,40,39,-366.6395161165037,1.1259157563602746,-5512.414209761879,-4.852175870220117,0.7257603074845193,0.0,0.0,55,-0.016510093410347888,6.914379561757931,0.0,-0.05186327156368869,6.467937178894168
1,522,N,A,ILE,72,,18.819,31.808,10.448,generated:model:1:chain:A:72:_:H,H,True,19.064,32.961,10.455,488,O,A,ARG,68,,20.883,33.911,10.42,2.946776034923592,2.052434164595786,129.55754758372146,40,39,-329.04060208103874,1.1273561783115909,-4962.464052055686,-4.29214930525508,0.641994783962783,0.0,0.0,55,0.016851879240091475,7.1484526617947735,0.0,-0.009233529322076169,6.222357475250224
1,530,N,A,LEU,73,,16.781,32.627,12.418,generated:model:1:chain:A:73:_:H,H,True,17.564,33.496,12.573,499,O,A,GLU,69,,17.943,35.212,11.424,3.003415555663253,2.0996423504968664,130.5267708331385,40,39,-333.66323564504273,1.1271144266523283,-5029.646020869281,-4.449108249255369,0.6654717919086899,0.0,0.0,60,-0.03127825497980596,9.955012684668937,0.0,-0.025072051679818737,8.976897405269424
1,538,N,A,LEU,74,,14.594,32.13,10.742,generated:model:1:chain:A:74:_:H,H,True,15.621,32.568,10.371,508,O,A,ILE,70,,16.347,33.68,8.991,2.9225861835025504,1.9152075605531655,140.7381572835691,40,39,-382.6922020405991,1.1256010501166087,-5750.836433572014,-5.033105427924317,0.7528227007168737,0.0,0.0,52,0.05849363117218574,8.93132091580298,0.0,0.04463107748317515,8.776221642510036
1,546,N,A,ARG,75,,14.43,29.404,10.558,generated:model:1:chain:A:75:_:H,H,True,15.554,29.712,10.385,516,O,A,LYS,71,,17.396,30.372,9.453,3.3098648008642297,2.167299702394665,162.46896830252842,40,39,-466.3684879968014,1.125660191672278,-7052.986888892006,-5.872506439073592,0.8783754325734124,0.0,0.0,48,0.10062390159112591,7.795823467298435,0.0,0.10551157866817933,7.715797586215953
1,557,N,A,PHE,76,,14.231,28.599,13.2,generated:model:1:chain:A:76:_:H,H,True,15.214,29.206,12.992,525,O,A,ILE,72,,16.535,30.399,12.494,3.007798530487041,1.848321941654106,168.51609046557087,40,39,-479.8637883946103,1.1256310674493835,-7271.341793628115,-6.425501581410192,0.9610892367046402,0.0,0.0,49,0.09258022645937142,8.817481169306953,0.0,0.08307177164172534,9.197393976067481
1,589,N,A,GLU,79,,9.023,29.296,21.669,generated:model:1:chain:A:79:_:H,H,True,9.145,28.177,22.035,596,OE1,A,GLU,79,,7.824,26.941,23.008,2.9625237551790193,2.0541338807390326,130.4691007548034,40,19,-438.55090787891413,1.2507730078304524,-5956.8114247429585,-1.9722934709120725,0.43264440026265477,0.0,0.0,38,0.08867358862603074,1.9150259432882295,0.0,0.03666933449171559,1.7594044585478612
1,598,N,A,ASN,80,,10.489,30.953,23.497,generated:model:1:chain:A:80:_:H,H,True,10.316,29.903,24.016,604,OD1,A,ASN,80,,10.998,29.434,26.296,3.2250337982725066,2.425589619041111,122.84961643640986,40,38,-384.1513298926993,1.2052877474558688,-5077.739696167213,-3.3639717164973053,0.583043072947078,0.0,0.0,51,0.039805494143508265,2.5139428620534665,0.0,0.051981622911690034,2.6973137809759784
1,606,N,A,ILE,81,,12.084,32.538,21.855,generated:model:1:chain:A:81:_:H,H,True,10.948,32.542,21.524,582,O,A,HIS,78,,9.906,30.751,20.2,3.267426816318918,2.458947132412571,123.71063330497029,40,39,-302.10352371330555,1.129264625468143,-4571.18325545259,-3.7891311556558285,0.5667562483680529,0.0,0.0,52,0.009392463200212572,5.135317307720607,0.0,0.020815070169461714,4.434852430408037
1,614,N,A,ILE,82,,12.593,35.163,19.642,generated:model:1:chain:A:82:_:H,H,True,12.925,35.797,20.584,1283,O,A,ILE,163,,14.983,36.099,20.825,2.826249281291373,2.0939553481390187,116.40766142469249,40,39,-272.61879093799143,1.1329111586796623,-4134.83255405958,-2.9783119145240615,0.44547861179890264,0.0,0.0,55,-0.01194688427698046,8.590311328575687,0.0,0.0017533054646794556,9.034932991269994
1,642,N,A,ASP,86,,7.49,38.746,9.043,generated:model:1:chain:A:86:_:H,H,True,8.324,39.235,9.718,777,O,A,VAL,102,,8.817,40.232,11.802,3.403117100541795,2.3622264921044294,145.86246881174955,40,39,-406.119078700719,1.1253845506175755,-6104.348748117438,-4.88844860242784,0.7311857722624863,0.0,0.0,56,-0.07457203828551942,8.04535403509155,0.0,-0.043576637451097675,6.896429385203929
1,658,N,A,ILE,88,,9.86,42.784,4.315,generated:model:1:chain:A:88:_:H,H,True,10.035,43.476,5.254,757,O,A,TYR,100,,11.264,43.365,6.704,2.8312714458348918,1.9040120797936126,131.90041225779677,40,39,-340.25748580354957,1.1268046787948836,-5125.628583536702,-4.0541746246229895,0.6063999122993119,0.0,0.0,53,-0.022000151188092537,9.486600949523666,0.0,-0.02944412338223967,10.054557658677862
1,704,N,A,GLU,94,,17.87,44.805,-8.005,generated:model:1:chain:A:94:_:H,H,True,17.134,44.659,-8.917,711,OE1,A,GLU,94,,17.076,44.346,-11.056,3.185862206687539,2.162557282478316,142.97981599327434,40,19,-506.8639128405889,1.2441629519833841,-6835.690084504247,-3.088782945764514,0.677558722786737,0.0,0.0,38,0.030097915114143975,3.634924282175697,0.0,-0.05149011390588625,3.145443481481324
1,722,N,A,MET,96,,16.367,46.681,-4.579,generated:model:1:chain:A:96:_:H,H,True,17.279,46.181,-5.138,699,O,A,ILE,93,,18.543,44.713,-5.86,3.20139985006559,2.0673664406679304,159.76057925586076,40,39,-458.6851442300308,1.125607474511896,-6928.661432666395,-6.053044139306219,0.9053792140392799,0.0,0.0,56,0.15797315051762292,5.718499048993929,0.0,0.18844198511654017,6.35288965165323
1,730,N,A,LYS,97,,17.563,48.026,-1.68,generated:model:1:chain:A:97:_:H,H,True,16.849,48.78,-2.24,716,O,A,GLN,95,,15.662,48.785,-4.217,3.2597930915933886,2.30597549856888,136.04217793277942,40,39,-360.264773882378,1.1260846186692954,-5418.449588571093,-4.655107439103275,0.6962839552276578,0.03125,0.0,39,0.06737043978501431,3.3371883211836058,0.0,0.08508882660821614,3.0705313503153304
1,739,N,A,ASP,98,,17.161,48.27,0.921,generated:model:1:chain:A:98:_:H,H,True,16.524,49.149,0.457,746,OD2,A,ASP,98,,15.859,51.374,1.831,3.4868495809254516,2.6982820460433725,123.14842935528213,40,19,-398.10330001079956,1.2547447041279924,-5431.172642344885,-1.9888504546324497,0.4362763578782466,0.0625,0.0,43,-0.02457772511236525,2.8559226489692326,0.0,-0.09698956338258699,1.7015027440433421
1,754,N,A,TYR,100,,13.244,45.148,5.438,generated:model:1:chain:A:100:_:H,H,True,12.721,44.198,4.963,661,O,A,ILE,88,,11.734,44.598,3.117,2.8230552598204666,2.13116986652871,113.6724054706052,40,39,-263.4130342768458,1.1346953530519734,-3992.3700374577347,-2.8147904127373202,0.4210200145445348,0.0,0.0,61,-0.0437803016137432,9.251402115869533,0.0,-0.06029540903880312,8.918510843574737
1,766,N,A,ILE,101,,12.537,43.848,8.491,generated:model:1:chain:A:101:_:H,H,True,13.254,44.557,9.099,350,O,A,LYS,52,,13.969,46.267,9.555,3.0057080696568015,1.908732825724963,152.9875756206066,40,39,-435.52507582286444,1.125428707080226,-6559.6194754871685,-5.8923239826288185,0.8813396257290033,0.0,0.0,58,-0.008765962402626176,8.887081603296782,0.0,0.07029357753869639,8.46935926079342
1,774,N,A,VAL,102,,9.966,42.311,10.131,generated:model:1:chain:A:102:_:H,H,True,9.715,41.832,9.087,645,O,A,ASP,86,,9.432,40.272,8.12,2.913210943272047,1.857088581624476,146.83722021198778,40,39,-410.39059351898595,1.125371689715752,-6169.626116181025,-5.373150045620722,0.8036846012123731,0.0,0.0,65,-0.0391153848742268,9.917463542517925,0.0,-0.034228345635438126,9.210181853066286
1,781,N,A,GLN,103,,8.774,41.867,13.362,generated:model:1:chain:A:103:_:H,H,True,9.488,42.775,13.634,337,O,A,ALA,50,,8.849,44.62,13.729,2.7783669664031065,1.9548327294170196,122.45409500304534,40,39,-296.62403002857263,1.1297850373028173,-4491.220367036418,-3.088133756694127,0.4619051256091383,0.0,0.0,59,-0.10118132671979863,7.362660820471477,0.0,-0.0493373040664693,8.021579522758604
1,823,N,A,THR,108,,8.698,45.529,26.797,generated:model:1:chain:A:108:_:H,H,True,8.469,44.382,26.774,1222,O,A,LEU,155,,8.219,42.651,26.916,2.920014725990265,1.754715076586504,173.46572576116813,40,39,-486.8734704598446,1.1253581751908177,-7378.922860013001,-6.305750305642668,0.9431775358415059,0.0,0.0,51,-0.09629292108868137,5.446320564340513,0.0,-0.06437719734428392,5.9594505955427435
1,830,N,A,ASP,109,,12.161,45.067,27.873,generated:model:1:chain:A:109:_:H,H,True,12.649,46.098,28.174,836,OD1,A,ASP,109,,15.475,46.016,27.854,3.447253689533162,2.845241641759097,110.91494110253755,40,19,-329.406163125293,1.2615668839197136,-4623.724181671056,-1.5008923375532848,0.32923734465300775,0.0,0.0,53,-0.021052436596047636,3.650035902232414,0.0,-0.0422376282681767,4.616741135052084
1,838,N,A,LEU,110,,14.725,43.137,29.608,generated:model:1:chain:A:110:_:H,H,True,15.221,42.38,28.849,1206,O,A,LEU,153,,14.416,41.135,27.448,2.961264088189368,2.0398164133078276,131.8201073549286,40,39,-339.87088700297136,1.1268217569444565,-5119.99575222424,-4.489505799995939,0.6715142231047725,0.0,0.0,65,-0.13478839276431526,7.88621898218419,0.0,-0.08408043874173562,9.012709272224551
1,846,N,A,TYR,111,,16.95,44.787,30.283,generated:model:1:chain:A:111:_:H,H,True,16.955,44.329,29.194,1185,O,A,PRO,150,,17.714,42.394,28.117,3.316881215841171,2.340990175118214,138.23583270753795,40,39,-370.81339875651975,1.1258192773596525,-5574.146318765685,-4.673502036841907,0.6990353124059454,0.0,0.0,65,-0.1319086629724956,6.49136802542889,0.0,-0.08985292310015358,7.083641251009702
1,858,N,A,LYS,112,,15.945,47.389,30.369,generated:model:1:chain:A:112:_:H,H,True,15.376,46.624,29.682,836,OD1,A,ASP,109,,15.475,46.016,27.854,2.9036621704323693,1.9290020736121574,137.25101530304255,40,19,-475.8847830793552,1.2471629975614844,-6442.6864841002225,-1.978845672618796,0.4340816982203945,0.0,0.0,63,0.008715948989715845,5.448061861500166,0.0,-0.0171176385095896,4.847530188406762
1,867,N,A,LEU,113,,13.97,47.002,32.326,generated:model:1:chain:A:113:_:H,H,True,14.271,46.069,31.671,833,O,A,ASP,109,,13.672,45.076,30.047,2.9986865458063483,1.995551552829443,140.286008892495,40,39,-380.5620574838922,1.1256343372988387,-5719.036291215736,-5.1509074869279585,0.7704428490485774,0.0,0.0,56,-0.04322367302246976,7.419279307043982,0.0,-0.06153597187856105,7.175712949738456
1,875,N,A,LEU,114,,15.367,46.242,34.736,generated:model:1:chain:A:114:_:H,H,True,15.897,46.152,33.687,841,O,A,LEU,110,,16.34,44.612,32.437,2.9814476349585584,2.0323260073128027,134.68705674628194,40,39,-353.71662311058935,1.1262869205240795,-5322.294183498809,-4.733789747327364,0.7080527982658464,0.0,0.0,56,-0.034323838064825966,7.454251640859985,0.0,-0.033690153255283635,8.183657419858495
1,883,N,A,LYS,115,,16.39,48.623,35.249,generated:model:1:chain:A:115:_:H,H,True,16.553,48.319,34.119,849,O,A,TYR,111,,17.41,47.712,32.035,3.4928665877757235,2.3336567871047387,166.33722113277793,40,39,-475.6066144703177,1.1256722250891453,-7202.856119200722,-5.359096987640891,0.8015826263554565,0.0,0.0,53,0.006878707639158371,5.666144972995073,0.0,0.015128763871194793,6.308981085326345
1,948,N,A,HIS,123,,10.395,36.124,40.067,generated:model:1:chain:A:123:_:H,H,True,10.217,36.863,40.955,929,O,A,SER,120,,12.183,37.847,41.67,2.9555510484510337,2.311847097020044,111.99619859226655,40,39,-258.40453643807905,1.1359128131380425,-3911.90442922496,-3.1315710535564607,0.4684022243892107,0.0,0.0,44,-0.07052798014548367,3.5171350824042618,0.0,-0.05411303415760478,4.776137290462382
1,958,N,A,ILE,124,,13.032,36.411,38.988,generated:model:1:chain:A:124:_:H,H,True,12.85,36.794,40.089,929,O,A,SER,120,,12.183,37.847,41.67,3.1584839717814006,2.013270721984507,162.49850660909743,40,39,-466.44690618357527,1.1256606063461119,-7054.259024727424,-6.221366132634484,0.9305558409591914,0.0,0.0,57,-0.06263627134466365,7.017257462088626,0.0,-0.02872644314901602,6.048910649194581
1,966,N,A,CYS,125,,13.835,33.741,38.993,generated:model:1:chain:A:125:_:H,H,True,13.203,33.976,39.959,935,O,A,ASN,121,,12.759,34.377,41.743,3.020723754334382,1.881646353595701,161.18174296362668,40,39,-462.8372933873202,1.125638445127605,-6995.76042470647,-6.2345688347675505,0.9325306245235155,0.0,0.0,53,-0.11323184869174269,5.785252380071037,0.0,-0.12619300965983865,5.146110340574712
1,972,N,A,TYR,126,,11.97,32.636,37.207,generated:model:1:chain:A:126:_:H,H,True,11.324,33.02,38.117,943,O,A,ASP,122,,10.165,33.996,39.371,3.128980824485828,1.9668179885286823,167.3213053136872,40,39,-477.61589635253995,1.1256586642414574,-7235.287657866833,-6.396879512155618,0.9568081136912444,0.0,0.0,60,-0.1070449031344576,6.125476429801514,0.0,-0.11728205353434659,5.202418270358609
1,984,N,A,PHE,127,,12.577,34.091,34.873,generated:model:1:chain:A:127:_:H,H,True,12.814,34.52,35.941,951,O,A,HIS,123,,12.094,35.827,37.033,2.812931744639391,1.8490843680048743,135.74661813092163,40,39,-358.83779143672837,1.1261261395032431,-5397.465154281894,-4.211756865052283,0.6299701493078224,0.0,0.0,61,-0.02573695022084586,9.052029302836635,0.0,-0.02317259211668839,8.758601870547547
1,995,N,A,LEU,128,,15.198,33.307,34.413,generated:model:1:chain:A:128:_:H,H,True,14.843,33.415,35.527,961,O,A,ILE,124,,15.101,34.232,37.187,2.9257665662181593,1.868061294497584,147.30442761258473,40,39,-412.4131241143132,1.1253681529918889,-6200.630341315806,-5.4391447477212616,0.8135557057580258,0.0,0.0,59,-0.018688867333102085,9.423493610352699,0.0,-0.020594339405307305,9.516545401401071
1,1003,N,A,TYR,129,,14.85,30.6,33.904,generated:model:1:chain:A:129:_:H,H,True,14.159,30.955,34.789,969,O,A,CYS,125,,13.592,31.18,36.652,3.0774125495292277,1.960327268595731,156.71373597143926,40,39,-448.92711323714775,1.1255267600285173,-6772.0271445676735,-6.08473932778657,0.9101199963918858,0.0,0.0,69,-0.030001989031444458,9.08648545534457,0.0,-0.05142154437032752,9.561810003745137
1,1015,N,A,GLN,130,,13.481,30.703,31.462,generated:model:1:chain:A:130:_:H,H,True,13.18,31.472,32.304,975,O,A,TYR,126,,11.8,32.337,33.678,3.225891039697404,2.130845137498262,152.9154908355019,40,39,-435.2510487113482,1.1254270638085342,-6555.309877834949,-5.7184229204401475,0.8553285140665958,0.0,0.0,63,-0.022064961260338474,8.313433637253913,0.0,-0.01544965752640023,8.33255950501772
1,1024,N,A,ILE,131,,15.373,31.948,29.719,generated:model:1:chain:A:131:_:H,H,True,15.363,31.981,30.898,987,O,A,PHE,127,,14.841,33.671,32.224,3.086547909882491,2.210624346197242,128.5329735151903,40,39,-324.18976772678343,1.127633509553167,-4892.027616792766,-4.324664998018624,0.6468582925843431,0.0,0.0,57,0.004128413341834376,9.363279299575225,0.0,0.029924643660852936,9.44046841765135
1,1032,N,A,LEU,132,,17.372,30.007,29.637,generated:model:1:chain:A:132:_:H,H,True,17.475,30.48,30.709,998,O,A,LEU,128,,16.655,30.718,32.559,3.091552037407745,2.03753380340057,147.05910611954747,40,39,-411.3531952800422,1.1253698063154407,-6184.3744552307835,-5.600326203534464,0.8376642925159262,0.0,0.0,53,-0.007472835625238096,9.458033196755771,0.0,-0.011423005998220496,9.76627555111021
1,1040,N,A,ARG,133,,15.841,27.746,28.743,generated:model:1:chain:A:133:_:H,H,True,15.382,28.617,29.389,1006,O,A,TYR,129,,14.377,28.687,30.993,2.844517006452941,1.8941333110422813,134.32405530801793,40,39,-351.9611437635813,1.1263464113335242,-5296.573525213938,-4.291998084432331,0.6419721652297131,0.0,0.0,61,0.0498778261490665,8.229270548178702,0.0,0.043515417543878096,7.554839792386863
1,1051,N,A,GLY,134,,15.277,28.574,26.227,generated:model:1:chain:A:134:_:H,H,True,14.883,29.418,26.946,1018,O,A,GLN,130,,14.377,30.827,28.037,3.0268975866388335,1.852457286956976,175.49752276803267,40,39,-488.6490470683184,1.1251569432864004,-7402.003284343595,-6.590399869900125,0.985753765724009,0.0,0.0,59,0.058692502752533696,5.311925104730702,0.0,0.01956870335172531,5.859335245952982
1,1055,N,A,LEU,135,,17.824,28.931,25.367,generated:model:1:chain:A:135:_:H,H,True,17.377,29.348,26.363,1027,O,A,ILE,131,,17.65,30.635,27.488,2.726267228281189,1.731046793128368,139.36378563089332,40,39,-376.19363316284216,1.1257104449665314,-5653.982966812659,-3.710715969865756,0.5550273599533226,0.0,0.0,60,0.06067335401726221,7.7089634647861445,0.0,0.02850309177487175,7.921868203510536
1,1063,N,A,LYS,136,,18.761,26.327,25.348,generated:model:1:chain:A:136:_:H,H,True,17.698,26.53,25.821,1035,O,A,LEU,132,,17.746,26.902,27.926,2.8296526288574713,2.1381564489063907,113.8269356610253,40,39,-263.9001932127958,1.1345879580004847,-4000.0598267817113,-2.8525656533474413,0.4266702158096549,0.0,0.0,59,0.06816237239303366,7.2223217431928335,0.0,0.037656372487106064,8.038538890166976
1,1084,N,A,ILE,138,,18.672,26.826,21.069,generated:model:1:chain:A:138:_:H,H,True,18.363,27.298,22.105,1054,O,A,GLY,134,,17.14,28.583,23.265,3.202575369917154,2.1195645779263246,150.96914352428902,40,39,-427.6557151944753,1.125389301377677,-6436.381359626896,-5.671339334187646,0.8482860244804673,0.0,0.0,62,0.0815100680261734,8.243652160464604,0.0,0.08824237386102927,8.036100939716325
1,1092,N,A,HIS,139,,21.374,26.078,21.282,generated:model:1:chain:A:139:_:H,H,True,20.845,26.185,22.322,1058,O,A,LEU,135,,20.376,26.932,23.902,2.9308224101777305,1.8095220363399842,158.3923356745475,40,39,-454.4440954917727,1.1255728008809573,-6860.3899252096635,-5.955959288313954,0.8908578254513929,0.0,0.0,59,0.04192555959287564,6.931104371448993,0.0,0.04725163150856887,7.423612241596375
1,1102,N,A,SER,140,,21.149,23.28,20.77,generated:model:1:chain:A:140:_:H,H,True,21.028,23.236,21.944,1066,O,A,LYS,136,,19.409,23.834,23.011,2.8907779229819788,2.029101771720679,126.40437739553832,40,39,-314.26523267958055,1.1282848553274247,-4747.986081242871,-3.908409690402939,0.5845972393728656,0.03125,0.0,51,0.055061108707732516,4.491824281794949,0.0,0.06712534535210779,4.9848511172857295
1,1108,N,A,ALA,141,,20.73,23.339,18.146,generated:model:1:chain:A:141:_:H,H,True,20.41,24.313,18.728,1075,O,A,TYR,137,,18.592,24.955,19.834,3.167308636681939,2.222728953336416,134.93443307080244,40,39,-354.9127886336828,1.1262476840307418,-5339.833384634745,-4.73200811665814,0.7077863122898833,0.0,0.0,66,0.050309312373205725,6.881084134182944,0.0,0.08617392021664001,7.733958974505829
1,1113,N,A,ASN,142,,23.138,23.774,17.153,generated:model:1:chain:A:142:_:H,H,True,23.082,23.319,18.232,1095,O,A,HIS,139,,23.257,23.347,20.0,2.881301615589733,1.7768604334612224,154.81850689620424,40,39,-442.30182376471794,1.125474541716406,-6666.621846469374,-5.622005770249258,0.8409069962896347,0.0,0.0,50,0.09221784422326787,4.600263891344356,0.0,0.14543445181507733,4.013185467561818
1,1121,N,A,VAL,143,,24.045,26.376,17.239,generated:model:1:chain:A:143:_:H,H,True,23.713,26.015,18.315,1087,O,A,ILE,138,,21.421,26.344,19.057,3.1924166394754936,2.431474655430322,120.06790372774103,40,39,-286.63590974863473,1.1308915480314936,-4344.520847182299,-3.6477212418964235,0.5456049741281253,0.0,0.0,57,-0.0011411238314388015,6.643881655143499,0.0,0.04455428786595092,7.033334750641685
1,1128,N,A,LEU,144,,25.605,29.464,18.176,generated:model:1:chain:A:144:_:H,H,True,26.463,29.473,17.367,1333,O,A,ARG,170,,26.209,29.933,15.549,2.7360383769238314,1.8924164446548244,124.27961627597962,40,39,-304.6283266678365,1.1290425273680593,-4607.947346796242,-2.8892628617238714,0.4321591712695264,0.0,0.0,55,0.11308231587598662,8.110429581205862,0.0,0.12471192897499737,8.074264254274809
1,1136,N,A,HIS,145,,24.808,32.044,20.189,generated:model:1:chain:A:145:_:H,H,True,24.638,31.414,21.171,1658,OD2,A,ASP,208,,25.499,30.833,22.998,3.1359979272952336,2.101621041006205,144.36044336185125,40,19,-514.17006138236,1.243446462256847,-6926.423045779902,-3.1314946115459534,0.6869279993669025,0.0,0.0,65,0.015276185535890819,7.239293291276882,0.0,-0.008782129614458064,6.911162266592829
1,1146,N,A,ARG,146,,26.254,34.333,21.079,generated:model:1:chain:A:146:_:H,H,True,26.564,33.291,21.55,1657,OD1,A,ASP,208,,26.399,32.734,23.611,2.998141090742727,2.1413068439623486,126.24537910500867,40,19,-415.2201455420268,1.2530547558575948,-5652.004721065448,-1.9165457316216994,0.42041551668777344,0.0,0.0,59,-0.04482166848789299,5.077654263060398,0.0,-0.11215689276515022,5.538845069660847
1,1195,N,A,ASN,152,,18.941,42.222,25.211,generated:model:1:chain:A:152:_:H,H,True,20.117,42.335,25.259,1194,OG,A,SER,151,,20.824,45.03,25.42,3.387363871803561,2.7908412710148895,110.27878126695724,40,19,-325.71462751432455,1.2619282868116812,-4586.095801421106,-1.4973320144467985,0.32845634837742066,0.0,0.0,50,-0.16635536087521052,4.269220571829282,0.0,-0.13829496546090492,2.8073223893002686
1,1203,N,A,LEU,153,,16.971,40.517,25.836,generated:model:1:chain:A:153:_:H,H,True,16.658,41.637,26.05,1192,O,A,SER,151,,17.37,43.678,24.57,3.428392917971912,2.6197375822780393,124.31609574877942,40,39,-304.7910692713631,1.129028570687514,-4610.315666616058,-3.513513755141469,0.5255309971208612,0.0,0.0,61,-0.12342760925702494,6.3910219224450575,0.0,-0.14384276162253493,4.994773443949176
1,1219,N,A,LEU,155,,10.636,41.224,26.806,generated:model:1:chain:A:155:_:H,H,True,10.535,42.071,26.0,826,O,A,THR,108,,10.841,43.902,26.474,2.7062765934028294,1.9159522436637118,120.40285119560055,40,39,-288.001599037676,1.1307265833705564,-4364.674490564328,-2.392815462869917,0.35790345043849425,0.0,0.0,58,-0.04172530632535564,8.101140135693985,0.0,-0.03060149802102142,7.102426233165405
1,1227,N,A,ASN,156,,7.185,40.75,27.516,generated:model:1:chain:A:156:_:H,H,True,7.118,39.899,28.34,1258,O,A,ASP,160,,8.344,37.827,27.921,3.1703682751377658,2.4437309590051046,117.43530547776018,40,39,-276.3740663753006,1.1323029512083291,-4191.642760945055,-3.5009863428216397,0.5236572194878151,0.0,0.0,60,-0.11136850628343546,5.207706453564343,0.0,-0.08687277522442702,5.478724368649419
1,1242,N,A,THR,158,,3.036,40.055,30.243,generated:model:1:chain:A:158:_:H,H,True,3.656,39.845,29.271,1233,OD1,A,ASN,156,,4.834,38.868,28.172,2.9884467537501793,1.8841480833522595,155.1630999824782,40,38,-518.0326652210242,1.1753791904648132,-7420.84687858353,-5.030106061075305,0.871817227450645,0.0,0.0,38,-0.13552116977714276,2.7760988659385353,0.0,-0.12473724163157936,2.758310356570309
1,1255,N,A,ASP,160,,6.393,36.878,29.614,generated:model:1:chain:A:160:_:H,H,True,5.256,37.139,29.464,1233,OD1,A,ASN,156,,4.834,38.868,28.172,2.910316993043886,2.199270106194324,115.77683207913473,40,38,-347.3849926341072,1.2126078782881249,-4576.320916049048,-2.65814366285594,0.46070906063979994,0.0,0.0,43,-0.18554872390534222,2.7887701752274836,0.0,-0.15543812593709322,2.9607159697578624
1,1271,N,A,LYS,162,,11.666,36.494,25.511,generated:model:1:chain:A:162:_:H,H,True,12.356,37.402,25.824,1214,O,A,LEU,154,,11.477,39.136,26.639,2.8789353935092077,2.107990037927125,119.38108322101867,40,39,-283.8758495915263,1.131239948277473,-4303.672618364344,-3.3741203365231547,0.5046813385215828,0.0,0.0,57,-0.028839644793641837,8.865703616001285,0.0,-0.04718010686102211,9.322371538832941
1,1280,N,A,ILE,163,,14.352,35.634,23.467,generated:model:1:chain:A:163:_:H,H,True,13.996,34.563,23.791,601,O,A,ASN,80,,13.552,32.852,23.513,2.8951062156680925,1.7893968257488386,154.75693060998643,40,39,-442.0797847411841,1.1254728985528657,-6663.102917610871,-5.68261796381087,0.8499730164449575,0.0,0.0,58,0.04752469624522379,7.674366894375399,0.0,0.07519232371749146,7.656954174438925
1,1288,N,A,CYS,164,,16.348,37.744,21.52,generated:model:1:chain:A:164:_:H,H,True,16.965,38.461,22.229,1198,O,A,ASN,152,,17.446,39.146,24.117,3.1489072707845835,2.065219116704087,150.57842709236067,40,39,-426.08693697387844,1.1253835458812165,-6411.941075962342,-5.739156776527115,0.8584297639329438,0.0,0.0,59,-0.17640893017728898,7.931005570639647,0.0,-0.12747622265332756,7.0212767797553
1,1294,N,A,ASP,165,,17.87,39.519,18.672,generated:model:1:chain:A:165:_:H,H,True,17.515,40.498,19.234,1300,OD1,A,ASP,165,,17.775,42.421,18.012,2.977621366124311,2.2932101953375335,113.99553264116491,40,19,-347.04036147862325,1.259826274874032,-4813.261590980888,-1.245183601497919,0.2731448034646851,0.0,0.0,45,-0.18343329252755933,3.9331603654603358,0.0,-0.20752142456894782,2.0783307012144965
1,1302,N,A,PHE,166,,20.018,38.152,16.802,generated:model:1:chain:A:166:_:H,H,True,18.956,38.186,16.29,504,OE2,A,GLU,69,,18.227,39.446,14.709,3.0434792590060464,2.14909329718372,129.91686742336154,40,19,-435.5012610567278,1.2510698496822499,-5916.881738832411,-2.2235826067195745,0.4877674532247889,0.0,0.0,49,-0.09828288157511,6.2042459845602576,0.0,-0.11800662393174594,4.842770172460959
1,1325,N,A,ALA,169,,25.141,36.138,16.097,generated:model:1:chain:A:169:_:H,H,True,24.143,36.675,15.786,1305,O,A,PHE,166,,22.503,36.788,14.597,3.103472893388952,2.028814925023966,150.1130511319009,40,39,-424.1999869550182,1.125377633734018,-6382.5989772785615,-5.761664725908119,0.8617963723784169,0.0,0.0,58,0.012458459500025153,5.96514394760289,0.0,0.0297316473389828,5.713971189347684
1,1330,N,A,ARG,170,,25.982,32.683,15.256,generated:model:1:chain:A:170:_:H,H,True,25.496,31.974,16.069,1131,O,A,LEU,144,,25.719,32.255,18.158,2.945158230044695,2.119578024041581,123.6813802105397,40,39,-301.97442009226233,1.1292762697198342,-4569.302168509963,-3.851424980999619,0.5760737972461494,0.0,0.0,57,0.08313970403906022,7.126814050314985,0.0,0.13708766966616742,7.3048526964880836
1,1348,N,A,ALA,172,,28.007,26.587,14.347,generated:model:1:chain:A:172:_:H,H,True,27.604,26.766,15.446,1116,O,A,ASN,142,,25.732,25.867,15.826,2.807394877818226,2.111157265577341,113.8567970639529,40,39,-263.9948094723486,1.13456729790251,-4001.5509471161968,-2.7482071286777376,0.4110608733252328,0.0,0.0,60,0.07387301503091076,6.972533543151318,0.0,0.0733025210303761,6.903195609312354
1,1353,N,A,ASP,173,,29.149,23.721,13.526,generated:model:1:chain:A:173:_:H,H,True,29.966,24.092,12.761,2666,OE2,A,GLU,332,,29.771,24.901,10.983,2.8716080860730275,1.963107230896977,130.4243443238962,40,19,-438.30376233378547,1.250797049262433,-5953.575515132312,-1.4570988107322034,0.3196307498808153,0.0,0.0,56,-0.12634363172350502,5.241503192728393,0.0,-0.1624896314363203,4.9091735154093605
1,1368,N,A,ASP,175,,30.828,18.586,14.099,generated:model:1:chain:A:175:_:H,H,True,29.673,18.31,14.046,1374,OD1,A,ASP,175,,29.347,15.897,13.535,3.1212462254682802,2.4879642280386567,111.20241138289488,40,19,-331.0680415157444,1.261403792970007,-4640.906314309472,-1.4378456083010418,0.3154073468518972,0.0,0.0,37,-0.19278856835216437,2.4260340255273944,0.0,-0.20643852544173452,2.075664015456712
1,1376,N,A,HIS,176,,32.92,19.533,12.707,generated:model:1:chain:A:176:_:H,H,True,32.612,20.161,13.657,1379,O,A,HIS,176,,34.279,21.318,14.351,2.7813381671418536,2.144568488064675,110.17240059550213,40,39,-253.56819018347323,1.1373498163580669,-3830.8033762823397,-2.4468096494115272,0.36597958751079657,0.0,0.0,46,-0.22894498279591471,2.8014640177823553,0.0,-0.20637490543488,3.1488324590259515
1,1411,N,A,GLY,180,,40.496,28.432,15.858,generated:model:1:chain:A:180:_:H,H,True,40.485,28.847,16.969,1599,O,A,LYS,201,,38.553,30.419,17.303,3.132322301424301,2.5130387979496067,110.5184545380049,40,39,-254.43397016317795,1.1370679419321292,-3845.652920542816,-3.1521186747985013,0.47147561832825235,0.0,0.0,45,-0.01619820502960702,3.875647419726548,0.0,0.014689894834371144,4.491653545088079
1,1415,N,A,PHE,181,,39.252,29.683,13.741,generated:model:1:chain:A:181:_:H,H,True,38.654,29.305,14.684,1397,O,A,HIS,178,,37.996,27.526,14.814,2.716894182702006,1.9012377547271675,122.02473445705208,40,39,-294.7843915015046,1.1299725227643012,-4464.3064957582465,-2.5841519793459558,0.38652245616805514,0.0,0.0,48,0.03396728206481797,7.2074517118500125,0.0,0.016416968000155546,6.960623778893784
1,1426,N,A,LEU,182,,36.918,31.007,14.411,generated:model:1:chain:A:182:_:H,H,True,37.867,31.241,15.078,1599,O,A,LYS,201,,38.553,30.419,17.303,3.37381579224474,2.4691911631139467,131.67485240704968,40,39,-339.1719077134794,1.1268529677933956,-5109.813411482639,-4.109145571985633,0.6146221475866774,0.0,0.0,48,0.04288441402823183,6.4166705833843745,0.0,0.04412328949921772,6.1178172235245105
1,1470,N,A,VAL,186,,33.797,39.049,19.807,generated:model:1:chain:A:186:_:H,H,True,34.522,38.73,20.687,1448,O,A,GLU,184,,36.756,37.835,19.862,3.198828222959153,2.544092372536816,113.04592375112169,40,39,-261.4811502400735,1.1351390526241787,-3961.657554351332,-3.2280591682764253,0.4828343566285943,0.0,0.0,36,0.049081963117045484,5.4083701933633215,0.0,0.08177580982922986,4.868897336814558
1,1477,N,A,ALA,187,,30.53,39.274,21.455,generated:model:1:chain:A:187:_:H,H,True,29.759,38.671,20.775,1149,O,A,ARG,146,,28.06,37.495,21.638,3.0494638873087223,2.239273542915205,122.45567548112192,40,39,-296.630833755401,1.1297843563698482,-4491.319834206046,-3.876570797682578,0.5798349625740141,0.0,0.0,45,0.06526502091594746,6.440763596571952,0.0,0.04941876855083144,6.075221377707166
1,1514,N,A,TYR,191,,29.779,41.239,29.341,generated:model:1:chain:A:191:_:H,H,True,29.675,41.927,28.395,1485,O,A,THR,188,,30.202,41.703,26.506,2.9036959207189743,1.973886014946151,132.9051653131897,40,39,-345.1027982088772,1.1266014736424965,-5196.295739414796,-4.429617986737979,0.6625565515513915,0.0,0.0,56,0.06551787932241966,6.129151511839569,0.0,0.11397555502120797,5.634290855722024
1,1558,N,A,ILE,196,,37.153,34.467,25.631,generated:model:1:chain:A:196:_:H,H,True,36.468,34.678,26.567,1540,O,A,ALA,193,,35.622,35.984,27.949,3.16518151138288,2.0811717853171134,151.13157463667494,40,39,-428.30367879107644,1.125391894748538,-6446.4883238687835,-5.74418625110932,0.8591820435528293,0.0,0.0,56,-0.025276648018635405,7.4430920598762595,0.0,0.00398506767144214,7.519396516641985
1,1566,N,A,MET,197,,38.961,36.42,25.452,generated:model:1:chain:A:197:_:H,H,True,38.218,36.793,26.299,1572,SD,A,MET,197,,37.722,39.119,27.267,3.4805095891262785,2.5677453144733815,132.42763368718974,40,24,-751.3497415405691,1.219397542526947,-15626.238025447303,-1.9904072993166633,0.7622493538433206,0.0,0.0,53,-0.067337383935926,7.466233339294724,0.0,-0.01459230588152067,6.22712503558027
1,1574,N,A,LEU,198,,41.407,35.231,26.273,generated:model:1:chain:A:198:_:H,H,True,40.446,35.012,26.913,1545,O,A,PRO,194,,38.868,35.165,28.258,3.2235232277742267,2.0790666174993007,163.58770551121887,40,39,-469.2553029979408,1.1256728689241757,-7099.841405670173,-6.131924219939224,0.917177638726639,0.0,0.0,48,-0.04042767416404669,7.649834081499739,0.0,-0.014720749542098788,7.970238202810995
1,1590,N,A,SER,200,,41.113,33.561,22.231,generated:model:1:chain:A:200:_:H,H,True,42.235,33.91,22.39,1577,O,A,LEU,198,,43.636,33.508,24.353,3.2971536209282117,2.444948670217845,126.97632939383463,40,39,-316.9086000133866,1.1280995645832992,-4786.354147753966,-3.9582860310397656,0.5920574529522928,0.0,0.0,43,-0.05948279824025532,3.2673117458806376,0.0,-0.027806349754909313,3.768047460653878
1,1605,N,A,GLY,202,,39.259,30.432,19.442,generated:model:1:chain:A:202:_:H,H,True,40.101,30.724,20.222,1585,O,A,ASN,199,,39.681,31.81,22.206,3.1171563964613638,2.3004460437054357,123.68307992409605,40,39,-301.9819195693899,1.1292755925382871,-4569.411442016513,-3.956434337001599,0.5917804873042101,0.0,0.0,45,-0.05634820233811006,3.0146835391450897,0.0,-0.059704481016021375,3.2689709429955984
1,1637,N,A,SER,206,,29.897,27.609,25.329,generated:model:1:chain:A:206:_:H,H,True,30.592,26.698,25.028,1626,OG1,A,THR,204,,32.883,26.19,24.367,3.4431382487492463,2.4379634943944537,141.29636014094217,40,19,-497.85540161068775,1.2450399824653207,-6722.72016510337,-2.8098681193036636,0.6163756688456247,0.0,0.0,40,-0.05200271994021575,3.3185942084687707,0.0,-0.04220067644944384,3.026919193920685
1,1643,N,A,ILE,207,,30.424,30.146,26.067,generated:model:1:chain:A:207:_:H,H,True,31.165,29.579,25.339,1624,O,A,THR,204,,31.381,29.192,23.156,3.2093435465839444,2.2275354093706343,138.31433497207323,40,39,-371.1890082629343,1.1258111205935855,-5579.7101486132415,-4.903726780142661,0.7334709934194863,0.0,0.0,54,-0.06189841423337027,5.291718377449749,0.0,-0.029625967128184227,5.901423847688823
1,1651,N,A,ASP,208,,28.098,31.471,26.08,generated:model:1:chain:A:208:_:H,H,True,28.145,30.79,25.115,1631,O,A,LYS,205,,27.917,28.61,24.969,3.074476052923489,2.1967475958789615,128.45262081287382,40,39,-323.81112946837766,1.127656229926174,-4886.531440528543,-4.320857598179485,0.6462888038123203,0.0,0.0,57,-0.12036418308870153,5.109647195485414,0.0,-0.08146473138138596,5.534606074888417
1,1667,N,A,TRP,210,,28.228,31.723,30.286,generated:model:1:chain:A:210:_:H,H,True,28.85,31.372,29.349,1640,O,A,SER,206,,29.673,29.818,28.15,3.2061731082397893,2.128343487315897,150.4252024348568,40,39,-425.46785008225015,1.1253814826652175,-6402.30766934239,-5.6367354655389885,0.84311017862856,0.0,0.0,64,0.016096966925668726,7.647916030044712,0.0,0.03983423984049015,7.229068279365383
1,1681,N,A,SER,211,,27.65,34.439,29.77,generated:model:1:chain:A:211:_:H,H,True,28.253,34.377,28.753,1646,O,A,ILE,207,,29.024,33.236,27.136,3.2051584984209462,2.1239140754748096,150.1107441772781,40,39,-424.19058385322796,1.1253776071023178,-6382.4529083998095,-5.622506461558865,0.8409818867900071,0.0,0.0,63,-0.07547723801090697,7.8233706198006505,0.0,-0.0726294396503925,6.923841133359434
1,1687,N,A,VAL,212,,24.94,34.327,30.445,generated:model:1:chain:A:212:_:H,H,True,25.469,33.358,30.043,1654,O,A,ASP,208,,25.501,32.389,28.291,2.951318518899643,2.0023708447737607,134.88487920639076,40,39,-354.6731914476368,1.1262554597955712,-5336.319318683218,-4.696985434580997,0.7025478227558907,0.0,0.0,58,-0.02185679337505922,8.640971529596706,0.0,-0.018852923970518017,8.244433154172494
1,1694,N,A,GLY,213,,25.238,33.893,33.119,generated:model:1:chain:A:213:_:H,H,True,26.039,33.107,32.756,1662,O,A,ILE,209,,26.368,31.709,31.543,2.920707448547356,1.8798973376224564,144.39073231634907,40,39,-399.54593726222083,1.1254193919896984,-6004.416458654676,-5.256451724425755,0.7862295435766439,0.0,0.0,62,0.009972891403411992,9.335614895041992,0.0,-0.015014554339209958,9.337174139142293
1,1698,N,A,CYS,214,,26.249,36.325,33.912,generated:model:1:chain:A:214:_:H,H,True,27.179,36.095,33.222,1670,O,A,TRP,210,,27.661,34.584,32.026,2.9294745262589315,1.9864191400608242,133.72525304797887,40,39,-349.0655597085297,1.1264496157717567,-5254.197448193052,-4.562664503160454,0.6824568773539141,0.0,0.0,66,-0.007700976732929363,8.529263652230645,0.0,0.004938537110902307,8.530577885409038
1,1704,N,A,ILE,215,,24.02,37.831,33.545,generated:model:1:chain:A:215:_:H,H,True,24.252,37.105,32.651,1684,O,A,SER,211,,25.153,36.477,31.063,3.0458708114429327,1.9307845555628453,156.7862076390687,40,39,-449.17225088430223,1.125528781964791,-6775.9421636281695,-6.087344592028083,0.9105096766977057,0.0,0.0,54,-0.059033459927199675,7.851943721973388,0.0,-0.06797218317116023,8.029658229728376
1,1712,N,A,LEU,216,,22.314,36.745,35.423,generated:model:1:chain:A:216:_:H,H,True,23.202,36.098,35.002,1690,O,A,VAL,212,,23.197,34.801,33.462,2.89902500851579,2.013413519374495,128.75787422096505,40,39,-325.2510009081079,1.12757067475536,-4907.433246266228,-4.108884413895115,0.6145830850751062,0.0,0.0,53,-0.05804965837005018,8.823172782301471,0.0,-0.046111611238725425,9.215450736074907
1,1720,N,A,ALA,217,,23.52,37.465,37.816,generated:model:1:chain:A:217:_:H,H,True,24.391,37.088,37.122,1697,O,A,GLY,213,,25.305,35.937,35.934,3.010470561224613,1.8898521106160704,157.60976520879296,40,39,-451.91424710873025,1.125551618255476,-6819.805497142133,-6.095732959380154,0.9117643600050639,0.0,0.0,55,-0.045724981869480666,8.989972050632069,0.0,-0.030101746000916148,8.62725233584442
1,1725,N,A,GLU,218,,23.246,40.232,37.499,generated:model:1:chain:A:218:_:H,H,True,23.943,39.862,36.619,1701,O,A,CYS,214,,24.851,39.456,34.887,3.1623954528173743,1.9972791492427873,167.77712379332897,40,39,-478.49843330647036,1.1256496400812332,-7249.478951801135,-6.363486028308604,0.9518133101736035,0.0,0.0,59,-0.08958333790735092,6.574171877023347,0.0,-0.0926001814577528,7.144130289658415
1,1734,N,A,MET,219,,20.495,40.443,37.553,generated:model:1:chain:A:219:_:H,H,True,21.0,39.525,37.023,1707,O,A,ILE,215,,21.102,38.637,35.4,2.8749772173010317,1.8528564434407788,142.53920839869565,40,39,-391.088623380695,1.1254930594948402,-5876.713887033598,-4.974466629774749,0.7440518495948548,0.0,0.0,56,-0.11052219925612841,8.603329135277752,0.0,-0.08012153733297589,8.309077632434272
1,1742,N,A,LEU,220,,20.041,39.925,40.188,generated:model:1:chain:A:220:_:H,H,True,21.034,39.534,39.687,1715,O,A,LEU,216,,21.404,37.754,38.539,3.047984744056308,2.1501637146970918,130.26927337027465,40,39,-332.4323137579295,1.1271767422497185,-5011.749658229444,-4.455685004047521,0.6664555047228724,0.0,0.0,56,-0.052734844271015414,8.698306690213393,0.0,-0.049703784094100596,9.40842823026661
1,1750,N,A,SER,221,,21.261,42.027,41.65,generated:model:1:chain:A:221:_:H,H,True,22.02,41.714,40.805,1723,O,A,ALA,217,,23.179,40.366,39.741,3.1752048752797033,2.0718303501976205,154.36459841631626,40,39,-440.65530952200606,1.1254625631348394,-6640.548513142792,-5.882783565843905,0.8799126255532995,0.0,0.0,49,-0.04228407660851425,6.548958710508483,0.0,-0.04474362575653271,6.746394632474415
1,1808,N,A,GLY,228,,33.763,46.148,33.248,generated:model:1:chain:A:228:_:H,H,True,33.556,45.028,32.95,1793,O,A,PHE,226,,32.015,43.832,33.585,2.9211177655137432,2.0514195085354876,127.47087589553823,40,39,-319.2087983495694,1.1279455107259162,-4819.73626040751,-4.076456302691498,0.6097326763950078,0.0,0.0,67,0.09323752582244767,6.7593455350260125,0.0,0.0840555655235541,7.654383043522172
1,1812,N,A,LYS,229,,36.196,48.449,31.852,generated:model:1:chain:A:229:_:H,H,True,36.756,48.482,32.884,1858,OD2,A,ASP,233,,38.135,48.336,34.026,2.915264310487132,1.79641893777593,157.25241310584389,40,19,-575.7914396322744,1.2368714122636317,-7656.0374645811025,-3.1696591934073037,0.6952998227665121,0.0,0.0,52,0.14045315839189748,2.7360343906724602,0.0,0.10056590171330128,2.583825424452199
1,1851,N,A,ASP,233,,41.028,45.379,31.652,generated:model:1:chain:A:233:_:H,H,True,41.856,46.169,31.361,1830,NE2,A,HIS,230,,42.206,48.178,30.756,3.166212406014481,2.1271121268047914,144.81942938134148,40,14,-891.9778718959096,1.2374332095512637,-13413.30084723646,-4.420070964503918,0.7449663709140172,0.0,0.0,45,0.03423186210162519,4.2852603884272895,0.0,0.03884862215108631,3.6096013133490223
1,1859,N,A,GLN,234,,38.529,44.409,32.024,generated:model:1:chain:A:234:_:H,H,True,39.041,44.936,31.114,1824,O,A,HIS,230,,38.586,45.657,29.625,2.704802026027043,1.7158050588572107,138.4562252474119,40,39,-371.8674992660026,1.1257966022862518,-5589.764158932809,-3.4233669877849895,0.5120473668186467,0.0,0.0,66,0.1338369977637072,5.068254670760681,0.0,0.1493681031207832,5.011859002550007
1,1876,N,A,ASN,236,,40.5,41.853,34.755,generated:model:1:chain:A:236:_:H,H,True,40.795,42.805,34.129,1846,O,A,LEU,232,,41.574,43.295,32.331,3.018048376020503,2.019837864780235,140.02848224956128,40,39,-379.3452704617357,1.1256544647730071,-5700.894740985419,-5.150753986881426,0.7704198894024414,0.0,0.0,57,0.026977698798208497,4.507063530738858,0.0,0.04378248708675614,5.398676722156431
1,1894,N,A,ILE,238,,36.977,40.433,36.433,generated:model:1:chain:A:238:_:H,H,True,37.47,40.768,35.417,1862,O,A,GLN,234,,37.201,41.591,33.519,3.143650107756907,2.0861672991397433,147.45369472421794,40,39,-413.0557811654562,1.1253673626994098,-6210.495036295804,-5.576390379810125,0.8340841109127224,0.0,0.0,57,0.042130877008467384,8.464153710321394,0.0,0.07221762356959678,8.06528431941622
1,1902,N,A,LEU,239,,38.706,38.519,37.634,generated:model:1:chain:A:239:_:H,H,True,39.214,39.471,37.158,1871,O,A,LEU,235,,39.771,39.747,35.092,3.0172790722768763,2.1574941483118826,126.93795839505202,40,39,-316.73068207341475,1.1281117547581816,-4783.771948406902,-4.190123174946243,0.6267343074910103,0.0,0.0,55,0.08683061062012111,7.186408131851,0.0,0.07787830208383498,7.368563844067016
1,1910,N,A,GLY,240,,39.026,39.73,40.077,generated:model:1:chain:A:240:_:H,H,True,38.487,40.574,39.446,1879,O,A,ASN,236,,39.537,41.764,38.159,2.8420065094929,2.0432740883200187,121.13498494623299,40,39,-291.0295866536917,1.1303771033555148,-4409.239360832264,-3.347346784774272,0.5006767060289768,0.0,0.0,55,0.0869146013972305,6.524239097622688,0.0,0.11862003477315806,5.05589085856564
1,1914,N,A,ILE,241,,36.854,39.136,41.524,generated:model:1:chain:A:241:_:H,H,True,36.616,39.587,40.455,1897,O,A,ILE,238,,36.816,37.594,38.474,3.4178513718416768,2.8171634670355954,110.5499828076012,40,39,-254.51408731445372,1.1370424776472097,-3847.018613122018,-2.8099533070778016,0.42029650835170834,0.0,0.0,50,0.10734918722464466,8.182245483844719,0.0,0.1378640338280833,9.97785297352462
1,1922,N,A,LEU,242,,36.325,36.413,41.095,generated:model:1:chain:A:242:_:H,H,True,36.958,37.04,40.325,1897,O,A,ILE,238,,36.816,37.594,38.474,2.9164161225723637,1.9373386384419282,137.5269408033586,40,39,-367.4147807106692,1.125897015075877,-5523.867521980195,-4.798402270118121,0.7177171644517001,0.0,0.0,51,0.10765783501319555,8.918361191402893,0.0,0.11714004827950386,9.972479731943285
1,1934,N,A,SER,244,,42.333,34.758,41.35,generated:model:1:chain:A:244:_:H,H,True,42.895,35.188,42.291,2128,O,A,LYS,268,,42.504,35.75,44.184,3.007467539309439,2.0130012419270895,139.53786129028057,40,39,-377.0204767463574,1.1256952146393444,-5666.279811507076,-5.108690837882752,0.7641283276850669,0.0,0.0,52,0.03850786503625014,3.7481737685091545,0.0,0.08164679931074129,3.017662129685738
1,1979,N,A,LEU,250,,45.184,27.676,34.246,generated:model:1:chain:A:250:_:H,H,True,45.25,27.624,35.419,1950,O,A,SER,246,,44.902,27.517,37.468,3.2382231238751915,2.0810944236146582,167.14868120206705,40,39,-477.27368114719866,1.1256616168552793,-7229.774725945703,-6.195033074915805,0.9266170950072543,0.0,0.0,53,-0.09857583737223806,5.524989504460651,0.0,-0.12273485598200959,4.9388907964036015
1,1987,N,A,ASN,251,,46.831,26.15,32.761,generated:model:1:chain:A:251:_:H,H,True,46.7,25.666,33.83,1956,O,A,GLN,247,,46.845,25.28,35.848,3.207283118154675,2.059695365824762,162.94735461961778,40,39,-467.6239056982313,1.1256663919816436,-7073.3578480838405,-6.147574963908261,0.9195185861817886,0.0,0.0,50,-0.005999989040456092,4.405882846654474,0.0,-0.029673430797600965,3.956891481867879
1,2001,N,A,ILE,253,,44.748,26.955,29.176,generated:model:1:chain:A:253:_:H,H,True,45.518,26.984,30.066,1982,O,A,LEU,250,,46.978,27.864,31.29,3.204399631756318,2.0986128752106716,155.0013760043552,40,39,-442.9587669954053,1.1254794514640667,-6677.0384229067895,-5.857610845349011,0.8761474361093796,0.0,0.0,49,0.0700130597646118,5.897624162691199,0.0,0.11970705437997957,6.067481079102544
1,2047,N,A,ARG,259,,48.459,32.854,28.733,generated:model:1:chain:A:259:_:H,H,True,48.791,32.255,27.777,2020,O,A,ASN,255,,48.591,31.049,26.304,3.0291071291718965,1.9142008776510404,156.48717643849756,40,39,-448.1568006200241,1.1255204361752114,-6759.731625839362,-6.067004937965461,0.9074673892824417,0.0,0.0,65,0.16552599597449652,5.667875676693485,0.0,0.1863852451330223,5.909391231481526
1,2058,N,A,ASN,260,,50.788,33.485,30.069,generated:model:1:chain:A:260:_:H,H,True,50.884,33.661,28.909,2028,O,A,LEU,256,,51.325,32.322,27.441,2.923580339241595,2.0352950646036554,129.0534537745803,40,39,-326.6488865683632,1.1274897788210327,-4927.729006372876,-4.200974546810525,0.6283573927194716,0.0,0.0,50,0.11716639262286024,4.0721879520558995,0.0,0.15548185734648848,4.525919583108179
1,2066,N,A,TYR,261,,50.505,36.204,30.668,generated:model:1:chain:A:261:_:H,H,True,51.123,36.606,29.732,2036,O,A,LYS,257,,50.316,35.723,27.799,2.9151746088356356,2.2731975277128904,110.65976122911623,40,39,-254.79464722332978,1.136954094847609,-3851.790374614313,-2.987206485333406,0.44680901008169194,0.0625,0.0,45,0.02598951462048304,3.4076156658015333,0.0,0.06195771635855075,3.571288450104577
1,2078,N,A,LEU,262,,48.376,36.128,32.494,generated:model:1:chain:A:262:_:H,H,True,48.213,35.573,31.471,2045,O,A,ALA,258,,47.958,34.862,29.639,3.150953030433808,1.981607932967569,172.77259733975728,40,39,-486.1193752143254,1.1254138876930497,-7368.1317439989325,-6.489345512685999,0.970638641432142,0.0,0.0,52,0.026234622781010523,7.238713637351033,0.0,0.05033177111639111,6.956114675581823
1,2086,N,A,LEU,263,,49.617,34.756,34.573,generated:model:1:chain:A:263:_:H,H,True,49.867,34.356,33.494,2050,O,A,ARG,259,,49.858,32.837,32.027,3.1973048024859914,2.1117601663067687,151.63517931723564,40,39,-430.29662702235964,1.1254006377643342,-6477.6195421704615,-5.714582414352298,0.8547540734540202,0.0,0.0,50,0.005504233512062803,7.28322235774801,0.0,0.04659010092793658,6.897127701810082
1,2094,N,A,SER,264,,51.661,36.54,35.315,generated:model:1:chain:A:264:_:H,H,True,51.341,36.722,34.197,2061,O,A,ASN,260,,51.823,35.821,32.462,2.9466615007496144,2.013541655888947,133.17028496462103,40,39,-346.383325296415,1.1265510288797624,-5214.995006614052,-4.561603515207231,0.682298180933223,0.0,0.0,44,-0.06460857316734411,6.38687062956684,0.0,-0.031434507996616075,5.548411010944687
1,2100,N,A,LEU,265,,50.293,38.305,36.85,generated:model:1:chain:A:265:_:H,H,True,50.463,37.362,37.546,2089,O,A,LEU,263,,51.564,35.638,37.386,3.002603203888255,2.05182284810361,134.4455374782975,40,39,-352.5486456063345,1.12632624665446,-5305.178830816105,-4.740906687350888,0.7091173088520193,0.0,0.0,37,-0.029183966577941835,5.946895361574454,0.0,-0.010427233874129535,5.4809746946054325
1,2125,N,A,LYS,268,,44.801,37.394,43.823,generated:model:1:chain:A:268:_:H,H,True,44.862,36.25,43.53,1939,OG,A,SER,244,,45.126,35.689,41.078,3.2477184299135256,2.5291739758268883,117.39962092989006,40,19,-366.1852025879921,1.257920865569191,-5034.982864828038,-1.8673923262244614,0.40963317323199916,0.0,0.0,40,0.061666818096922926,2.8579504085520973,0.0,0.05990206107214455,2.8626173225019182
1,2151,N,A,VAL,271,,36.209,36.297,46.032,generated:model:1:chain:A:271:_:H,H,True,36.815,36.82,45.161,2137,O,A,ASN,269,,39.404,36.876,45.435,3.3014655836461473,2.6040608671841814,116.18971119405018,40,39,-271.842072570048,1.1330444229952241,-4123.005175108043,-3.268798521249984,0.4889279126190677,0.0,0.0,49,0.12106557852839354,6.097681386047087,0.0,0.1489857316881273,5.400579366160488
1,2187,N,A,ARG,275,,28.632,37.433,49.776,generated:model:1:chain:A:275:_:H,H,True,29.474,36.642,50.039,2185,OD1,A,ASN,274,,29.021,34.768,51.279,3.0842430189594325,2.292309970313791,121.6963397900097,40,38,-378.42040940130755,1.2064882783423863,-4992.926027758593,-3.3600425477255937,0.5823620700053613,0.0,0.0,45,0.09971330478941783,5.003709739122124,0.0,0.10286955442959725,3.183109506869119
1,2232,N,A,ALA,280,,20.224,37.363,48.131,generated:model:1:chain:A:280:_:H,H,True,21.234,37.948,47.945,2209,O,A,PHE,277,,23.578,37.075,48.388,3.3761381784518227,2.5402192818731186,126.22718150445316,40,39,-313.4501823936662,1.1283438322641235,-4736.153578211553,-3.7480152116130347,0.560606364070957,0.0,0.0,43,-0.0471358340869422,6.213932182916544,0.0,-0.02704870389287072,6.344394943478656
1,2265,N,A,LEU,285,,22.712,31.242,44.016,generated:model:1:chain:A:285:_:H,H,True,22.084,31.322,45.011,2240,O,A,ASP,281,,20.73,32.164,46.306,3.165834487145529,2.0540946910987303,155.60655603187993,40,39,-445.1062428236446,1.1254959651355412,-6711.1430794320695,-5.952660158481713,0.890364360757301,0.0,0.0,51,-0.08437465524925396,5.421832063140139,0.0,-0.0912135173418097,4.966652579180493
1,2273,N,A,ASP,286,,24.424,29.105,43.924,generated:model:1:chain:A:286:_:H,H,True,23.681,28.855,44.806,2248,O,A,SER,282,,22.588,29.128,46.447,3.120409268028797,1.9904921501980402,158.8898565078057,40,39,-456.0133416393205,1.1255858295421401,-6885.617857636407,-6.143349141799147,0.9188865122349005,0.03125,0.0,46,-0.0915250507789909,4.93622695412499,0.0,-0.07638231951684235,3.96774788884363
1,2281,N,A,LEU,287,,24.027,27.905,41.437,generated:model:1:chain:A:287:_:H,H,True,23.024,28.241,41.954,2254,O,A,LYS,283,,21.589,28.242,43.106,2.973713839628828,1.840198358873306,159.9456971663511,40,39,-459.2407794746846,1.125611846573825,-6937.626588292045,-6.123920571713635,0.9159804994735357,0.0,0.0,59,-0.04552760944642613,6.421777880446063,0.0,-0.05098543640735745,6.113071329596053
1,2289,N,A,LEU,288,,24.77,30.136,40.049,generated:model:1:chain:A:288:_:H,H,True,24.434,30.179,41.177,2263,O,A,ALA,284,,22.746,31.253,41.763,2.877857015211145,2.084758019531286,121.26599944320367,40,39,-291.57744115082005,1.130316153566111,-4417.286544352977,-3.497363176563442,0.5231152873056458,0.0,0.0,59,-0.04163789669088083,7.875799958438013,0.0,-0.05498870517625954,8.092188790041208
1,2297,N,A,ASP,289,,27.451,30.31,40.647,generated:model:1:chain:A:289:_:H,H,True,27.315,30.799,41.715,2268,O,A,LEU,285,,26.146,30.446,43.391,3.0415550299147966,2.073679338759969,136.42087294004742,40,39,-362.091659608127,1.126033482447722,-5445.340545509222,-4.90926397576381,0.7342992150058618,0.0,0.0,56,-0.05660159861793747,7.601756362020624,0.0,-0.06804919059326667,7.34365595995879
1,2305,N,A,LYS,290,,28.306,28.013,39.349,generated:model:1:chain:A:290:_:H,H,True,27.791,27.566,40.309,2276,O,A,ASP,286,,26.265,27.639,41.467,2.965043170006132,1.9170208658228012,145.70486312715227,40,39,-405.42208720299004,1.1253873636920666,-6093.722912532827,-5.444634220257548,0.8143767892023245,0.0,0.0,53,-0.06335677142134302,3.983860184062695,0.0,-0.04487460715729265,4.095000081442494
1,2314,N,A,MET,291,,27.843,28.806,36.72,generated:model:1:chain:A:291:_:H,H,True,27.315,29.335,37.627,2284,O,A,LEU,287,,25.347,28.808,38.327,2.968580300412975,2.1542407015001817,123.44063252982173,40,39,-300.9146123976734,1.1293729446864145,-4553.855577624407,-3.8755644081804954,0.579684432672787,0.0,0.0,59,-0.007267181233847418,7.624871785763338,0.0,0.021591858141176087,8.092559122351803
1,2330,N,A,THR,293,,32.151,30.092,35.946,generated:model:1:chain:A:293:_:H,H,True,31.25,29.376,35.675,2317,O,A,MET,291,,29.419,30.588,34.079,3.3459720560698063,2.714538819026169,112.23442143519515,40,39,-259.0846435051071,1.135733851372207,-3923.00380682783,-2.999485073382629,0.44864557002437094,0.0,0.0,58,0.001581515443668486,5.310862410467331,0.0,0.04781295412422998,7.618156306716204
1,2373,N,A,LYS,298,,34.763,23.1,32.659,generated:model:1:chain:A:298:_:H,H,True,35.81,23.646,32.654,2354,OD1,A,ASN,295,,38.073,23.741,32.812,3.3749651850056193,2.270497302354704,154.52749975984676,40,38,-515.9540933449998,1.1758231690265566,-7383.400330056758,-4.757576763672461,0.8245824905333825,0.0,0.0,42,-0.04383670568944955,3.6841443261813467,0.0,-0.031268948897390354,3.6472988069973202
1,2382,N,A,ARG,299,,32.572,24.557,33.262,generated:model:1:chain:A:299:_:H,H,True,33.349,24.807,32.414,2351,O,A,ASN,295,,35.171,26.196,32.744,3.1159983953782766,2.314714885250453,122.9818643090216,40,39,-298.908666927422,1.1295613702131937,-4524.593710136487,-3.907017301201142,0.584388973876671,0.0,0.0,54,-0.03060418987406562,3.7346876458813796,0.0,0.025554519223468627,4.025037503700142
1,2393,N,A,ILE,300,,29.028,24.816,33.813,generated:model:1:chain:A:300:_:H,H,True,29.307,25.037,34.943,2308,O,A,LYS,290,,29.112,27.118,35.949,3.1414576234608003,2.3196167786942734,124.13965848254199,40,39,-304.00490187950436,1.1290963886001268,-4598.873436981594,-3.9737890282530657,0.5943763013051548,0.0,0.0,46,-0.044661089775268,4.835305059140126,0.0,-0.03477994463719064,5.100937679827111
1,2417,N,A,GLU,303,,21.725,22.084,29.653,generated:model:1:chain:A:303:_:H,H,True,22.842,21.734,29.483,2424,OE1,A,GLU,303,,23.819,19.845,28.463,3.2884733540048625,2.3586542773369756,133.653817704047,40,19,-456.12199134621324,1.2490696932732144,-6186.509467798478,-2.6105127573655125,0.5726448639340259,0.0,0.0,45,-0.11804970400621902,4.034646806235064,0.0,-0.19731643270380247,2.8121848037534916
1,2435,N,A,ALA,305,,22.044,23.025,33.711,generated:model:1:chain:A:305:_:H,H,True,23.055,23.272,33.172,2404,O,A,GLU,301,,23.788,23.074,31.54,2.785171089897351,1.7999769442967855,138.16458759228928,40,39,-370.47237560309895,1.1258267571692258,-5569.096051382672,-4.174560100213428,0.624406473091434,0.0,0.0,54,-0.0674159055688619,6.456301819192639,0.0,-0.10811749867211123,6.303032024772831
1,2440,N,A,LEU,306,,19.413,23.675,33.607,generated:model:1:chain:A:306:_:H,H,True,19.945,23.355,32.608,2413,O,A,VAL,302,,20.445,23.653,30.611,3.1688363794932664,2.080099276476963,152.27202383458962,40,39,-432.7814966955443,1.1254130905737023,-6516.531151623534,-5.795091023542174,0.8667960839918915,0.0,0.0,53,-0.06184636331613222,8.016428009026088,0.0,-0.07035993203757926,7.723798559239098
1,2448,N,A,ALA,307,,18.389,21.595,34.979,generated:model:1:chain:A:307:_:H,H,True,19.149,21.191,34.17,2420,O,A,GLU,303,,19.926,20.364,32.189,3.414942166420976,2.282984669243313,159.57972346003956,40,39,-458.1380796189587,1.1256031193159406,-6919.839067879766,-5.445900100250943,0.8145661321853114,0.0,0.0,46,-0.09836446740512132,6.375380681433966,0.0,-0.07933611332539173,6.1354549760366375
1,2453,N,A,HIS,308,,19.276,22.106,37.512,generated:model:1:chain:A:308:_:H,H,True,19.536,22.82,36.614,2438,O,A,ALA,305,,19.625,24.826,35.525,3.3864981913475165,2.2842674974704686,154.8996597889762,40,39,-442.59381575067073,1.1254767151803096,-6671.25075318183,-5.365839923063179,0.8025911955038798,0.0,0.0,57,-0.06696393777399111,6.5616162417233745,0.0,-0.018162578345977613,7.444204389256061
1,2482,N,A,LEU,311,,15.832,25.864,39.646,generated:model:1:chain:A:311:_:H,H,True,16.738,25.171,39.333,2456,O,A,HIS,308,,17.449,23.179,39.243,3.1601143966635155,2.1169990552666778,145.0646136036999,40,39,-402.573305527244,1.1254010103312275,-6050.365512435823,-5.414789189609155,0.809912742720992,0.0,0.0,56,-0.06003054389019993,7.512442836430232,0.0,-0.06382675495849158,7.3653039640921945
1,2490,N,A,GLU,312,,13.97,23.884,39.857,generated:model:1:chain:A:312:_:H,H,True,14.116,24.497,40.859,2466,O,A,PRO,309,,15.74,24.257,42.303,3.0421941095202962,2.1863467245613144,126.43157480307363,40,39,-314.3904998779444,1.1282758693237067,-4749.804540388846,-4.165633950154515,0.6230713513677616,0.0,0.0,52,-0.11189767447880235,4.781776325966527,0.0,-0.07340351321588034,4.7649963858378515
1,2532,N,A,ASP,316,,11.263,20.778,33.413,generated:model:1:chain:A:316:_:H,H,True,12.285,20.771,32.822,2569,OE2,A,GLU,320,,12.807,22.496,31.643,2.9100446731966136,2.153636459572506,118.62785544231934,40,19,-373.034922127948,1.257237926371299,-5117.63470573871,-1.18542790838878,0.2600367308635386,0.0,0.0,53,-0.22565800959248136,5.57015571202814,0.0,-0.23766810449946352,6.464737775179004
1,2585,N,A,ALA,323,,16.143,21.559,18.728,generated:model:1:chain:A:323:_:H,H,True,17.118,22.126,19.031,1107,OG,A,SER,140,,18.438,22.291,20.13,2.7871944675605222,1.7255219500197616,148.24638044919072,40,19,-534.2083184449225,1.2414429873703148,-7170.872857121478,-1.4919729674884472,0.32728078211840794,0.0,0.0,55,0.06931775415430153,7.069502082163027,0.0,0.09386383827827618,7.266706441343756
1,2590,N,A,GLU,324,,14.669,20.302,15.847,generated:model:1:chain:A:324:_:H,H,True,13.682,20.406,16.513,2580,O,A,ILE,322,,14.024,20.864,19.013,3.27954646254631,2.564513209168555,116.65500733162467,40,39,-273.5087738771763,1.132761743106857,-4148.350200820882,-3.32758681734761,0.4977211247765587,0.03125,0.0,39,0.06302877272225203,3.745748717455939,0.03125,0.10298953106995806,4.915244163628364
1,2611,N,A,PHE,327,,21.623,22.841,12.492,generated:model:1:chain:A:327:_:H,H,True,21.391,23.453,13.469,1111,O,A,ALA,141,,22.37,24.244,15.072,3.030316485121643,2.038070410952479,139.52313081005985,40,39,-376.9505474786538,1.1256964876302882,-5665.23953121591,-5.1234743806618335,0.76633956421895,0.0,0.0,54,0.0681175084058927,8.132918618844295,0.0,0.06442219355201961,8.43037885499285
1,2650,N,A,MET,331,,25.977,25.718,6.365,generated:model:1:chain:A:331:_:H,H,True,25.604,24.807,7.016,2625,O,A,LYS,328,,26.255,24.025,9.034,3.172868418324341,2.260010840681965,131.9584460510507,40,39,-340.536938671622,1.1267924150758033,-5129.700759976902,-4.510902911676224,0.6747146788936225,0.0,0.0,50,-0.2423519984382626,5.847725841197434,0.0,-0.18273205664983597,6.640507507861285
1,2658,N,A,GLU,332,,27.887,27.361,7.251,generated:model:1:chain:A:332:_:H,H,True,27.895,26.236,7.604,2634,O,A,PHE,329,,28.806,24.867,6.381,2.7966939410668448,2.0493440413947095,117.497986141479,40,39,-276.60794237361915,1.132266917373713,-4195.162365137367,-2.8904844304143786,0.4323418864249842,0.0,0.0,56,-0.198919442187899,7.116467934640494,0.0,-0.19017417771210463,7.178473068964496
1,2675,N,A,ASP,334,,29.423,30.965,4.282,generated:model:1:chain:A:334:_:H,H,True,30.227,30.882,5.148,2661,O,A,GLU,332,,31.007,28.98,6.343,3.2706271569838115,2.377820220285799,130.24697594180344,40,39,-332.32581496849525,1.127182202838486,-5010.201531939252,-4.233909063431046,0.6332835465829503,0.0,0.0,40,-0.27856891111912013,2.6496889349472945,0.0,-0.22444798567814586,2.837869705353905
1,2691,N,A,LEU,336,,31.404,35.007,1.765,generated:model:1:chain:A:336:_:H,H,True,30.622,35.624,2.395,2678,O,A,ASP,334,,29.647,34.61,3.775,2.69902908468953,1.9705889982439282,115.67310801724317,40,39,-270.0296740662707,1.1333663551195872,-4095.2895553913368,-2.080384923482587,0.3111719035205511,0.0,0.0,50,-0.1321623933256501,5.535347327275159,0.0,-0.130607844792004,4.779479049459996
1,2715,N,A,GLU,339,,28.171,40.926,-3.105,generated:model:1:chain:A:339:_:H,H,True,29.336,41.076,-3.193,2722,OE1,A,GLU,339,,30.658,41.6,-4.566,2.962088114827108,1.9767116633439505,138.34041569544405,40,19,-481.83618867590985,1.2465890927051555,-6519.114553775464,-2.3506576136514283,0.5156427623373726,0.0,0.0,37,0.043871674801564245,3.135632953158164,0.0,0.03984985293966274,2.484777968112036
1,2733,N,A,LEU,341,,26.14,37.63,-1.439,generated:model:1:chain:A:341:_:H,H,True,27.053,38.374,-1.477,2702,O,A,PRO,337,,29.106,38.538,-1.497,3.102415832863157,2.0596371039578796,145.37531145458937,40,39,-403.9591870326849,1.1253939366124603,-6071.443531935831,-5.49424382512012,0.8217971059926168,0.0,0.0,55,0.041789059888520774,6.638162028013849,0.0,0.031774768557649206,6.619851099877905
1,2741,N,A,LYS,342,,24.027,39.43,-1.307,generated:model:1:chain:A:342:_:H,H,True,24.965,40.026,-0.911,2709,O,A,LYS,338,,26.52,40.993,-1.593,2.956317641932274,1.954031217764956,139.956334644801,40,39,-379.0039387730412,1.1256602581035469,-5695.808709503988,-5.063518810277319,0.7573717579478016,0.0,0.0,55,0.0314949484145342,6.006566035928891,0.0,0.028758772470814112,5.3363110585226465
1,2750,N,A,GLU,343,,22.363,38.35,-3.146,generated:model:1:chain:A:343:_:H,H,True,23.43,38.503,-3.63,2718,O,A,GLU,339,,25.311,39.379,-4.362,3.3508507874866638,2.200309296439934,163.6985176486869,40,39,-469.5318695288511,1.125673764525003,-7104.331827192826,-5.783715717153298,0.8650946316778502,0.0,0.0,48,-0.0776727741684908,4.316915986873993,0.0,-0.01542066632811344,3.1414765229345076
1,2759,N,A,LEU,344,,21.707,35.941,-1.927,generated:model:1:chain:A:344:_:H,H,True,22.849,36.221,-1.891,2727,O,A,LYS,340,,24.67,36.391,-2.614,3.074709417164491,1.966639265345835,155.2593820829721,40,39,-443.8793178918777,1.1254864470490955,-6691.647820964532,-6.023739371101313,0.9009959768788779,0.0,0.0,53,-0.0603988123741964,6.911521310462938,0.0,-0.027808763426838384,5.646427188609255
1,2767,N,A,ILE,345,,20.316,36.834,0.308,generated:model:1:chain:A:345:_:H,H,True,21.427,37.173,0.161,2736,O,A,LEU,341,,22.979,38.018,0.086,2.9227913028473305,1.7687153530175501,167.4960111895107,40,39,-477.9577763889215,1.125655418196119,-7240.789830540518,-6.190310136636596,0.9259106653086141,0.0,0.0,54,-0.03115307530050057,8.717115509921014,0.0,-0.0191008190701724,8.735557452745718
1,2775,N,A,PHE,346,,18.261,38.003,-1.016,generated:model:1:chain:A:346:_:H,H,True,19.34,38.289,-1.373,2744,O,A,LYS,342,,20.62,39.296,-2.083,2.8939970628872462,1.776667948717486,157.42160841185105,40,39,-451.29491970496156,1.1255464348129758,-6809.88676091161,-5.779027401470936,0.864393380626317,0.0,0.0,56,-0.0495963427351672,8.14239445865105,0.0,-0.03427119272419476,8.292125656965982
1,2786,N,A,GLU,347,,16.981,35.815,-2.087,generated:model:1:chain:A:347:_:H,H,True,18.153,35.698,-2.051,2753,O,A,GLU,343,,19.794,35.93,-3.12,2.998880291041974,1.9721729133116106,143.06669225281757,40,39,-393.51759115920777,1.125468428972325,-5913.293464599388,-5.3337754454401,0.7977951770244424,0.0,0.0,54,-0.12470501632534943,5.985292194823719,0.0,-0.11284715141124894,5.953106862904618
1,2795,N,A,GLU,348,,16.302,34.254,0.245,generated:model:1:chain:A:348:_:H,H,True,17.438,34.529,0.183,2762,O,A,LEU,344,,19.147,34.907,0.249,2.918980986577335,1.751548172332121,174.68140885748187,40,39,-488.01410856887514,1.1252448165158477,-7394.291095596258,-6.325543142089472,0.9461380334512043,0.0,0.0,52,-0.12552988530016143,4.951339727729928,0.0,-0.10762820178324958,5.598394162261775
1,2804,N,A,THR,349,,14.391,35.899,1.413,generated:model:1:chain:A:349:_:H,H,True,15.293,36.355,0.802,2770,O,A,ILE,345,,16.971,37.826,0.82,3.2743515388546784,2.2315575278267,145.549802797088,40,39,-404.7346842169336,1.1253903388393993,-6083.250184259439,-5.2223743754791565,0.781132451486159,0.0,0.0,53,-0.0085858908696497,4.668732380783784,0.0,-0.003294107951028111,6.236191870889937
1,2811,N,A,ALA,350,,12.396,36.061,-0.473,generated:model:1:chain:A:350:_:H,H,True,13.43,35.583,-0.784,2778,O,A,PHE,346,,15.069,37.007,-2.123,3.280601316832022,2.550885728526467,118.35297548645943,40,39,-279.8510985873809,1.1317874100531415,-4243.775793259294,-3.425599461668961,0.512381287306242,0.0,0.0,50,0.01098203888883037,3.708984068438899,0.0,0.025448536284297933,4.8523154278278335
1,2858,N,A,TYR,356,,3.777,35.236,-3.3,generated:model:1:chain:A:356:_:H,H,True,3.588,35.524,-2.166,2841,O,A,GLN,353,,4.918,37.301,-1.373,3.0462165057658033,2.3570061518799656,114.52806088212502,40,39,-266.1618827799948,1.134110761935007,-4035.504624970341,-3.3589774956398273,0.5024163602624221,0.09375,0.0,37,0.02738884394233411,3.6762354330075104,0.0,0.03992508374198434,4.358004647225771
